Sample in Buffer,Sample in Window,TRIGGER,PS_PL_i/n3z_tonetest_0_userpicoaddress[10:0],PS_PL_i/Dout[7:0],u_ila_0_blk_mem_gen_0_douta_1[0:0],PS_PL_i/blk_mem_gen_0_douta[11:1],u_ila_0_blk_mem_gen_0_douta[17:12],Program address,Program Instruction,u_ila_0_axi_fifo_mm_s_0_axi_str_txd_tvalid,u_ila_0_axi_fifo_mm_s_1_axi_str_rxd_tready,PS_PL_i/axi_fifo_mm_s_1_axi_str_txd_tvalid,PS_PL_i/n3z_tonetest_0_pl2ps_tvalid,lopt
,,,,Data from fifo to PL,,,,,,Writing to BRAM (ie only at startup!),User to ARM fifo OK to receive data,ARM fifo to PL data write,User back to ARM fifo write,PL fifo not almost full
0,0,0,04d,0a,1,55,38,04d,380AB,0,1,0,0,1
1,1,0,04e,0a,1,55,38,04e,380AB,0,1,0,0,1
2,2,0,04e,0a,1,17f,20,04e,202FF,0,1,0,0,1
3,3,0,2ff,0a,1,17f,20,2ff,202FF,0,1,0,0,1
4,4,0,2ff,0a,0,83,9,2ff,9106,0,1,0,0,1
5,5,0,300,0a,0,83,9,300,9106,0,1,0,0,1
6,6,0,300,0a,0,308,0,300,610,0,1,0,0,1
7,7,0,301,0a,0,308,0,301,610,0,1,0,0,1
8,8,0,301,0a,0,0c0,1d,301,1D180,0,1,0,0,1
9,9,0,302,0a,0,0c0,1d,302,1D180,0,1,0,0,1
10,10,0,302,0a,1,18a,38,302,38315,0,1,0,0,1
11,11,0,303,0a,1,18a,38,303,38315,0,1,0,0,1
12,12,0,303,0a,0,0,25,303,25000,0,1,0,0,1
13,13,0,04f,0a,0,0,25,04f,25000,0,1,0,0,1
14,14,0,04f,0a,0,340,1d,04f,1D680,0,1,0,0,1
15,15,0,50,0a,0,340,1d,50,1D680,0,1,0,0,1
16,16,0,50,0a,1,05a,38,50,380B5,0,1,0,0,1
17,17,0,51,0a,1,05a,38,51,380B5,0,1,0,0,1
18,18,0,51,0a,0,9,0b,51,B012,0,1,0,0,1
19,19,0,52,0a,0,9,0b,52,B012,0,1,0,0,1
20,20,0,52,0a,1,0,3,52,3001,0,1,0,0,1
21,21,0,53,0a,1,0,3,53,3001,0,1,0,0,1
22,22,0,53,0a,1,0,1d,53,1D001,0,1,0,0,1
23,23,0,54,0a,1,0,1d,54,1D001,0,1,0,0,1
24,24,0,54,0a,1,160,30,54,302C1,0,1,0,0,1
25,25,0,55,0a,1,160,30,55,302C1,0,1,0,0,1
26,26,0,55,0a,0,16e,20,55,202DC,0,1,0,0,1
27,27,0,2dc,0a,0,16e,20,2dc,202DC,0,1,0,0,1
28,28,0,2dc,0a,1,37f,1,2dc,16FF,0,1,0,0,1
29,29,0,2dd,0a,1,37f,1,2dd,16FF,0,1,0,0,1
30,30,0,2dd,0a,0,1bd,20,2dd,2037A,0,1,0,0,1
31,31,0,37a,0a,0,1bd,20,37a,2037A,0,1,0,0,1
32,32,0,37a,0a,1,0,9,37a,9001,0,1,0,0,1
33,33,0,37b,0a,1,0,9,37b,9001,0,1,0,0,1
34,34,0,37b,0a,1,0,3,37b,3001,0,1,0,0,1
35,35,0,37c,0a,1,0,3,37c,3001,0,1,0,0,1
36,36,0,37c,0a,1,0,1d,37c,1D001,0,1,0,0,1
37,37,0,37d,0a,1,0,1d,37d,1D001,0,1,0,0,1
38,38,0,37d,0a,0,0,25,37d,25000,0,1,0,0,1
39,39,0,2de,0a,0,0,25,2de,25000,0,1,0,0,1
40,40,0,2de,0a,0,0,35,2de,35000,0,1,0,0,1
41,41,0,56,0a,0,0,35,56,35000,0,1,0,0,1
42,42,0,56,0a,1,37f,1d,56,1D6FF,0,1,0,0,1
43,43,0,57,0a,1,37f,1d,57,1D6FF,0,1,0,0,1
44,44,0,57,0a,0,21,32,57,32042,0,1,0,0,1
45,45,0,42,0a,0,21,32,42,32042,0,1,0,0,1
46,46,0,42,0a,1,37,20,42,2006F,0,1,0,0,1
47,47,0,06f,0a,1,37,20,06f,2006F,0,1,0,0,1
48,48,0,06f,0a,1,7,9,06f,900F,0,1,0,0,1
49,49,0,70,0a,1,7,9,70,900F,0,1,0,0,1
50,50,0,70,0a,1,08a,0b,70,B115,0,1,0,0,1
51,51,0,71,0a,1,08a,0b,71,B115,0,1,0,0,1
52,52,0,71,0a,0,8,1c,71,1C010,0,1,0,0,1
53,53,0,72,0a,0,8,1c,72,1C010,0,1,0,0,1
54,54,0,72,0a,0,0,31,72,31000,0,1,0,0,1
55,55,0,43,0a,0,0,31,43,31000,0,1,0,0,1
56,56,0,43,0a,0,9,0b,43,B012,0,1,0,0,1
57,57,0,44,0a,0,9,0b,44,B012,0,1,0,0,1
58,58,0,44,0a,0,2,3,44,3004,0,1,0,0,1
59,59,0,45,0a,0,2,3,45,3004,0,1,0,0,1
60,60,0,45,0a,0,2,1d,45,1D004,0,1,0,0,1
61,61,0,46,0a,0,2,1d,46,1D004,0,1,0,0,1
62,62,0,46,0a,0,0d7,32,46,321AE,0,1,0,0,1
63,63,0,47,0a,0,0d7,32,47,321AE,0,1,0,0,1
64,64,0,47,0a,0,9,0b,47,B012,0,1,0,0,1
65,65,0,48,0a,0,9,0b,48,B012,0,1,0,0,1
66,66,0,48,0a,0,4,3,48,3008,0,1,0,0,1
67,67,0,49,0a,0,4,3,49,3008,0,1,0,0,1
68,68,0,49,0a,0,4,1d,49,1D008,0,1,0,0,1
69,69,0,04a,0a,0,4,1d,04a,1D008,0,1,0,0,1
70,70,0,04a,0a,0,17b,30,04a,302F6,0,1,0,0,1
71,71,0,04b,0a,0,17b,30,04b,302F6,0,1,0,0,1
72,72,0,04b,0a,0,182,20,04b,20304,0,1,0,0,1
73,73,0,304,0a,0,182,20,304,20304,0,1,0,0,1
74,74,0,304,0a,1,83,9,304,9107,0,1,0,0,1
75,75,0,305,0a,1,83,9,305,9107,0,1,0,0,1
76,76,0,305,0a,0,308,0,305,610,0,1,0,0,1
77,77,0,306,0a,0,308,0,306,610,0,1,0,0,1
78,78,0,306,0a,0,0c0,1d,306,1D180,0,1,0,0,1
79,79,0,307,0a,0,0c0,1d,307,1D180,0,1,0,0,1
80,80,0,307,0a,1,18d,38,307,3831B,0,1,0,0,1
81,81,0,308,0a,1,18d,38,308,3831B,0,1,0,0,1
82,82,0,308,0a,0,0,25,308,25000,0,1,0,0,1
83,83,0,04c,0a,0,0,25,04c,25000,0,1,0,0,1
84,84,0,04c,0a,0,340,1d,04c,1D680,0,1,0,0,1
85,85,0,04d,0a,0,340,1d,04d,1D680,0,1,0,0,1
86,86,0,04d,0a,1,55,38,04d,380AB,0,1,0,0,1
87,87,0,04e,0a,1,55,38,04e,380AB,0,1,0,0,1
88,88,0,04e,0a,1,17f,20,04e,202FF,0,1,0,0,1
89,89,0,2ff,0a,1,17f,20,2ff,202FF,0,1,0,0,1
90,90,0,2ff,0a,0,83,9,2ff,9106,0,1,0,0,1
91,91,0,300,0a,0,83,9,300,9106,0,1,0,0,1
92,92,0,300,0a,0,308,0,300,610,0,1,0,0,1
93,93,0,301,0a,0,308,0,301,610,0,1,0,0,1
94,94,0,301,0a,0,0c0,1d,301,1D180,0,1,0,0,1
95,95,0,302,0a,0,0c0,1d,302,1D180,0,1,0,0,1
96,96,0,302,0a,1,18a,38,302,38315,0,1,0,0,1
97,97,0,303,0a,1,18a,38,303,38315,0,1,0,0,1
98,98,0,303,0a,0,0,25,303,25000,0,1,0,0,1
99,99,0,04f,0a,0,0,25,04f,25000,0,1,0,0,1
100,100,0,04f,0a,0,340,1d,04f,1D680,0,1,0,0,1
101,101,0,50,0a,0,340,1d,50,1D680,0,1,0,0,1
102,102,0,50,0a,1,05a,38,50,380B5,0,1,0,0,1
103,103,0,51,0a,1,05a,38,51,380B5,0,1,0,0,1
104,104,0,51,0a,0,9,0b,51,B012,0,1,0,0,1
105,105,0,52,0a,0,9,0b,52,B012,0,1,0,0,1
106,106,0,52,0a,1,0,3,52,3001,0,1,0,0,1
107,107,0,53,0a,1,0,3,53,3001,0,1,0,0,1
108,108,0,53,0a,1,0,1d,53,1D001,0,1,0,0,1
109,109,0,54,0a,1,0,1d,54,1D001,0,1,0,0,1
110,110,0,54,0a,1,160,30,54,302C1,0,1,0,0,1
111,111,0,55,0a,1,160,30,55,302C1,0,1,0,0,1
112,112,0,55,0a,0,16e,20,55,202DC,0,1,0,0,1
113,113,0,2dc,0a,0,16e,20,2dc,202DC,0,1,0,0,1
114,114,0,2dc,0a,1,37f,1,2dc,16FF,0,1,0,0,1
115,115,0,2dd,0a,1,37f,1,2dd,16FF,0,1,0,0,1
116,116,0,2dd,0a,0,1bd,20,2dd,2037A,0,1,0,0,1
117,117,0,37a,0a,0,1bd,20,37a,2037A,0,1,0,0,1
118,118,0,37a,0a,1,0,9,37a,9001,0,1,0,0,1
119,119,0,37b,0a,1,0,9,37b,9001,0,1,0,0,1
120,120,0,37b,0a,1,0,3,37b,3001,0,1,0,0,1
121,121,0,37c,0a,1,0,3,37c,3001,0,1,0,0,1
122,122,0,37c,0a,1,0,1d,37c,1D001,0,1,0,0,1
123,123,0,37d,0a,1,0,1d,37d,1D001,0,1,0,0,1
124,124,0,37d,0a,0,0,25,37d,25000,0,1,0,0,1
125,125,0,2de,0a,0,0,25,2de,25000,0,1,0,0,1
126,126,0,2de,0a,0,0,35,2de,35000,0,1,0,0,1
127,127,0,56,0a,0,0,35,56,35000,0,1,0,0,1
128,128,0,56,0a,1,37f,1d,56,1D6FF,0,1,0,0,1
129,129,0,57,0a,1,37f,1d,57,1D6FF,0,1,0,0,1
130,130,0,57,0a,0,21,32,57,32042,0,1,0,0,1
131,131,0,42,0a,0,21,32,42,32042,0,1,0,0,1
132,132,0,42,0a,1,37,20,42,2006F,0,1,0,0,1
133,133,0,06f,0a,1,37,20,06f,2006F,0,1,0,0,1
134,134,0,06f,0a,1,7,9,06f,900F,0,1,0,0,1
135,135,0,70,0a,1,7,9,70,900F,0,1,0,0,1
136,136,0,70,0a,1,08a,0b,70,B115,0,1,0,0,1
137,137,0,71,0a,1,08a,0b,71,B115,0,1,0,0,1
138,138,0,71,0a,0,8,1c,71,1C010,0,1,0,0,1
139,139,0,72,0a,0,8,1c,72,1C010,0,1,0,0,1
140,140,0,72,0a,0,0,31,72,31000,0,1,0,0,1
141,141,0,43,0a,0,0,31,43,31000,0,1,0,0,1
142,142,0,43,0a,0,9,0b,43,B012,0,1,0,0,1
143,143,0,44,0a,0,9,0b,44,B012,0,1,0,0,1
144,144,0,44,0a,0,2,3,44,3004,0,1,0,0,1
145,145,0,45,0a,0,2,3,45,3004,0,1,0,0,1
146,146,0,45,0a,0,2,1d,45,1D004,0,1,0,0,1
147,147,0,46,0a,0,2,1d,46,1D004,0,1,0,0,1
148,148,0,46,0a,0,0d7,32,46,321AE,0,1,0,0,1
149,149,0,47,0a,0,0d7,32,47,321AE,0,1,0,0,1
150,150,0,47,0a,0,9,0b,47,B012,0,1,0,0,1
151,151,0,48,0a,0,9,0b,48,B012,0,1,0,0,1
152,152,0,48,0a,0,4,3,48,3008,0,1,0,0,1
153,153,0,49,0a,0,4,3,49,3008,0,1,0,0,1
154,154,0,49,0a,0,4,1d,49,1D008,0,1,0,0,1
155,155,0,04a,0a,0,4,1d,04a,1D008,0,1,0,0,1
156,156,0,04a,0a,0,17b,30,04a,302F6,0,1,0,0,1
157,157,0,04b,0a,0,17b,30,04b,302F6,0,1,0,0,1
158,158,0,04b,0a,0,182,20,04b,20304,0,1,0,0,1
159,159,0,304,0a,0,182,20,304,20304,0,1,0,0,1
160,160,0,304,0a,1,83,9,304,9107,0,1,0,0,1
161,161,0,305,0a,1,83,9,305,9107,0,1,0,0,1
162,162,0,305,0a,0,308,0,305,610,0,1,0,0,1
163,163,0,306,0a,0,308,0,306,610,0,1,0,0,1
164,164,0,306,0a,0,0c0,1d,306,1D180,0,1,0,0,1
165,165,0,307,0a,0,0c0,1d,307,1D180,0,1,0,0,1
166,166,0,307,0a,1,18d,38,307,3831B,0,1,0,0,1
167,167,0,308,0a,1,18d,38,308,3831B,0,1,0,0,1
168,168,0,308,0a,0,0,25,308,25000,0,1,0,0,1
169,169,0,04c,0a,0,0,25,04c,25000,0,1,0,0,1
170,170,0,04c,0a,0,340,1d,04c,1D680,0,1,0,0,1
171,171,0,04d,0a,0,340,1d,04d,1D680,0,1,0,0,1
172,172,0,04d,0a,1,55,38,04d,380AB,0,1,0,0,1
173,173,0,04e,0a,1,55,38,04e,380AB,0,1,0,0,1
174,174,0,04e,0a,1,17f,20,04e,202FF,0,1,0,0,1
175,175,0,2ff,0a,1,17f,20,2ff,202FF,0,1,0,0,1
176,176,0,2ff,0a,0,83,9,2ff,9106,0,1,0,0,1
177,177,0,300,0a,0,83,9,300,9106,0,1,0,0,1
178,178,0,300,0a,0,308,0,300,610,0,1,0,0,1
179,179,0,301,0a,0,308,0,301,610,0,1,0,0,1
180,180,0,301,0a,0,0c0,1d,301,1D180,0,1,0,0,1
181,181,0,302,0a,0,0c0,1d,302,1D180,0,1,0,0,1
182,182,0,302,0a,1,18a,38,302,38315,0,1,0,0,1
183,183,0,303,0a,1,18a,38,303,38315,0,1,0,0,1
184,184,0,303,0a,0,0,25,303,25000,0,1,0,0,1
185,185,0,04f,0a,0,0,25,04f,25000,0,1,0,0,1
186,186,0,04f,0a,0,340,1d,04f,1D680,0,1,0,0,1
187,187,0,50,0a,0,340,1d,50,1D680,0,1,0,0,1
188,188,0,50,0a,1,05a,38,50,380B5,0,1,0,0,1
189,189,0,51,0a,1,05a,38,51,380B5,0,1,0,0,1
190,190,0,51,0a,0,9,0b,51,B012,0,1,0,0,1
191,191,0,52,0a,0,9,0b,52,B012,0,1,0,0,1
192,192,0,52,0a,1,0,3,52,3001,0,1,0,0,1
193,193,0,53,0a,1,0,3,53,3001,0,1,0,0,1
194,194,0,53,0a,1,0,1d,53,1D001,0,1,0,0,1
195,195,0,54,0a,1,0,1d,54,1D001,0,1,0,0,1
196,196,0,54,0a,1,160,30,54,302C1,0,1,0,0,1
197,197,0,55,0a,1,160,30,55,302C1,0,1,0,0,1
198,198,0,55,0a,0,16e,20,55,202DC,0,1,0,0,1
199,199,0,2dc,0a,0,16e,20,2dc,202DC,0,1,0,0,1
200,200,0,2dc,0a,1,37f,1,2dc,16FF,0,1,0,0,1
201,201,0,2dd,0a,1,37f,1,2dd,16FF,0,1,0,0,1
202,202,0,2dd,0a,0,1bd,20,2dd,2037A,0,1,0,0,1
203,203,0,37a,0a,0,1bd,20,37a,2037A,0,1,0,0,1
204,204,0,37a,0a,1,0,9,37a,9001,0,1,0,0,1
205,205,0,37b,0a,1,0,9,37b,9001,0,1,0,0,1
206,206,0,37b,0a,1,0,3,37b,3001,0,1,0,0,1
207,207,0,37c,0a,1,0,3,37c,3001,0,1,0,0,1
208,208,0,37c,0a,1,0,1d,37c,1D001,0,1,0,0,1
209,209,0,37d,0a,1,0,1d,37d,1D001,0,1,0,0,1
210,210,0,37d,0a,0,0,25,37d,25000,0,1,0,0,1
211,211,0,2de,0a,0,0,25,2de,25000,0,1,0,0,1
212,212,0,2de,0a,0,0,35,2de,35000,0,1,0,0,1
213,213,0,56,0a,0,0,35,56,35000,0,1,0,0,1
214,214,0,56,0a,1,37f,1d,56,1D6FF,0,1,0,0,1
215,215,0,57,0a,1,37f,1d,57,1D6FF,0,1,0,0,1
216,216,0,57,0a,0,21,32,57,32042,0,1,0,0,1
217,217,0,42,0a,0,21,32,42,32042,0,1,0,0,1
218,218,0,42,0a,1,37,20,42,2006F,0,1,0,0,1
219,219,0,06f,0a,1,37,20,06f,2006F,0,1,0,0,1
220,220,0,06f,0a,1,7,9,06f,900F,0,1,0,0,1
221,221,0,70,0a,1,7,9,70,900F,0,1,0,0,1
222,222,0,70,0a,1,08a,0b,70,B115,0,1,0,0,1
223,223,0,71,0a,1,08a,0b,71,B115,0,1,0,0,1
224,224,0,71,0a,0,8,1c,71,1C010,0,1,0,0,1
225,225,0,72,0a,0,8,1c,72,1C010,0,1,0,0,1
226,226,0,72,0a,0,0,31,72,31000,0,1,0,0,1
227,227,0,43,0a,0,0,31,43,31000,0,1,0,0,1
228,228,0,43,0a,0,9,0b,43,B012,0,1,0,0,1
229,229,0,44,0a,0,9,0b,44,B012,0,1,0,0,1
230,230,0,44,0a,0,2,3,44,3004,0,1,0,0,1
231,231,0,45,0a,0,2,3,45,3004,0,1,0,0,1
232,232,0,45,0a,0,2,1d,45,1D004,0,1,0,0,1
233,233,0,46,0a,0,2,1d,46,1D004,0,1,0,0,1
234,234,0,46,0a,0,0d7,32,46,321AE,0,1,0,0,1
235,235,0,47,0a,0,0d7,32,47,321AE,0,1,0,0,1
236,236,0,47,0a,0,9,0b,47,B012,0,1,0,0,1
237,237,0,48,0a,0,9,0b,48,B012,0,1,0,0,1
238,238,0,48,0a,0,4,3,48,3008,0,1,0,0,1
239,239,0,49,0a,0,4,3,49,3008,0,1,0,0,1
240,240,0,49,0a,0,4,1d,49,1D008,0,1,0,0,1
241,241,0,04a,0a,0,4,1d,04a,1D008,0,1,0,0,1
242,242,0,04a,0a,0,17b,30,04a,302F6,0,1,0,0,1
243,243,0,04b,0a,0,17b,30,04b,302F6,0,1,0,0,1
244,244,0,04b,0a,0,182,20,04b,20304,0,1,0,0,1
245,245,0,304,0a,0,182,20,304,20304,0,1,0,0,1
246,246,0,304,0a,1,83,9,304,9107,0,1,0,0,1
247,247,0,305,0a,1,83,9,305,9107,0,1,0,0,1
248,248,0,305,0a,0,308,0,305,610,0,1,0,0,1
249,249,0,306,0a,0,308,0,306,610,0,1,0,0,1
250,250,0,306,0a,0,0c0,1d,306,1D180,0,1,0,0,1
251,251,0,307,0a,0,0c0,1d,307,1D180,0,1,0,0,1
252,252,0,307,0a,1,18d,38,307,3831B,0,1,0,0,1
253,253,0,308,0a,1,18d,38,308,3831B,0,1,0,0,1
254,254,0,308,0a,0,0,25,308,25000,0,1,0,0,1
255,255,0,04c,0a,0,0,25,04c,25000,0,1,0,0,1
256,256,0,04c,0a,0,340,1d,04c,1D680,0,1,0,0,1
257,257,0,04d,0a,0,340,1d,04d,1D680,0,1,0,0,1
258,258,0,04d,0a,1,55,38,04d,380AB,0,1,0,0,1
259,259,0,04e,0a,1,55,38,04e,380AB,0,1,0,0,1
260,260,0,04e,0a,1,17f,20,04e,202FF,0,1,0,0,1
261,261,0,2ff,0a,1,17f,20,2ff,202FF,0,1,0,0,1
262,262,0,2ff,0a,0,83,9,2ff,9106,0,1,0,0,1
263,263,0,300,0a,0,83,9,300,9106,0,1,0,0,1
264,264,0,300,0a,0,308,0,300,610,0,1,0,0,1
265,265,0,301,0a,0,308,0,301,610,0,1,0,0,1
266,266,0,301,0a,0,0c0,1d,301,1D180,0,1,0,0,1
267,267,0,302,0a,0,0c0,1d,302,1D180,0,1,0,0,1
268,268,0,302,0a,1,18a,38,302,38315,0,1,0,0,1
269,269,0,303,0a,1,18a,38,303,38315,0,1,0,0,1
270,270,0,303,0a,0,0,25,303,25000,0,1,0,0,1
271,271,0,04f,0a,0,0,25,04f,25000,0,1,0,0,1
272,272,0,04f,0a,0,340,1d,04f,1D680,0,1,0,0,1
273,273,0,50,0a,0,340,1d,50,1D680,0,1,0,0,1
274,274,0,50,0a,1,05a,38,50,380B5,0,1,0,0,1
275,275,0,51,0a,1,05a,38,51,380B5,0,1,0,0,1
276,276,0,51,0a,0,9,0b,51,B012,0,1,0,0,1
277,277,0,52,0a,0,9,0b,52,B012,0,1,0,0,1
278,278,0,52,0a,1,0,3,52,3001,0,1,0,0,1
279,279,0,53,0a,1,0,3,53,3001,0,1,0,0,1
280,280,0,53,0a,1,0,1d,53,1D001,0,1,0,0,1
281,281,0,54,0a,1,0,1d,54,1D001,0,1,0,0,1
282,282,0,54,0a,1,160,30,54,302C1,0,1,0,0,1
283,283,0,55,0a,1,160,30,55,302C1,0,1,0,0,1
284,284,0,55,0a,0,16e,20,55,202DC,0,1,0,0,1
285,285,0,2dc,0a,0,16e,20,2dc,202DC,0,1,0,0,1
286,286,0,2dc,0a,1,37f,1,2dc,16FF,0,1,0,0,1
287,287,0,2dd,0a,1,37f,1,2dd,16FF,0,1,0,0,1
288,288,0,2dd,0a,0,1bd,20,2dd,2037A,0,1,0,0,1
289,289,0,37a,0a,0,1bd,20,37a,2037A,0,1,0,0,1
290,290,0,37a,0a,1,0,9,37a,9001,0,1,0,0,1
291,291,0,37b,0a,1,0,9,37b,9001,0,1,0,0,1
292,292,0,37b,0a,1,0,3,37b,3001,0,1,0,0,1
293,293,0,37c,0a,1,0,3,37c,3001,0,1,0,0,1
294,294,0,37c,0a,1,0,1d,37c,1D001,0,1,0,0,1
295,295,0,37d,0a,1,0,1d,37d,1D001,0,1,0,0,1
296,296,0,37d,0a,0,0,25,37d,25000,0,1,0,0,1
297,297,0,2de,0a,0,0,25,2de,25000,0,1,0,0,1
298,298,0,2de,0a,0,0,35,2de,35000,0,1,0,0,1
299,299,0,56,0a,0,0,35,56,35000,0,1,0,0,1
300,300,0,56,0a,1,37f,1d,56,1D6FF,0,1,0,0,1
301,301,0,57,0a,1,37f,1d,57,1D6FF,0,1,0,0,1
302,302,0,57,0a,0,21,32,57,32042,0,1,0,0,1
303,303,0,42,0a,0,21,32,42,32042,0,1,0,0,1
304,304,0,42,0a,1,37,20,42,2006F,0,1,0,0,1
305,305,0,06f,0a,1,37,20,06f,2006F,0,1,0,0,1
306,306,0,06f,0a,1,7,9,06f,900F,0,1,0,0,1
307,307,0,70,0a,1,7,9,70,900F,0,1,0,0,1
308,308,0,70,0a,1,08a,0b,70,B115,0,1,0,0,1
309,309,0,71,0a,1,08a,0b,71,B115,0,1,0,0,1
310,310,0,71,0a,0,8,1c,71,1C010,0,1,0,0,1
311,311,0,72,0a,0,8,1c,72,1C010,0,1,0,0,1
312,312,0,72,0a,0,0,31,72,31000,0,1,0,0,1
313,313,0,43,0a,0,0,31,43,31000,0,1,0,0,1
314,314,0,43,0a,0,9,0b,43,B012,0,1,0,0,1
315,315,0,44,0a,0,9,0b,44,B012,0,1,0,0,1
316,316,0,44,0a,0,2,3,44,3004,0,1,0,0,1
317,317,0,45,0a,0,2,3,45,3004,0,1,0,0,1
318,318,0,45,0a,0,2,1d,45,1D004,0,1,0,0,1
319,319,0,46,0a,0,2,1d,46,1D004,0,1,0,0,1
320,320,0,46,0a,0,0d7,32,46,321AE,0,1,0,0,1
321,321,0,47,0a,0,0d7,32,47,321AE,0,1,0,0,1
322,322,0,47,0a,0,9,0b,47,B012,0,1,0,0,1
323,323,0,48,0a,0,9,0b,48,B012,0,1,0,0,1
324,324,0,48,0a,0,4,3,48,3008,0,1,0,0,1
325,325,0,49,0a,0,4,3,49,3008,0,1,0,0,1
326,326,0,49,0a,0,4,1d,49,1D008,0,1,0,0,1
327,327,0,04a,0a,0,4,1d,04a,1D008,0,1,0,0,1
328,328,0,04a,0a,0,17b,30,04a,302F6,0,1,0,0,1
329,329,0,04b,0a,0,17b,30,04b,302F6,0,1,0,0,1
330,330,0,04b,0a,0,182,20,04b,20304,0,1,0,0,1
331,331,0,304,0a,0,182,20,304,20304,0,1,0,0,1
332,332,0,304,0a,1,83,9,304,9107,0,1,0,0,1
333,333,0,305,0a,1,83,9,305,9107,0,1,0,0,1
334,334,0,305,0a,0,308,0,305,610,0,1,0,0,1
335,335,0,306,0a,0,308,0,306,610,0,1,0,0,1
336,336,0,306,0a,0,0c0,1d,306,1D180,0,1,0,0,1
337,337,0,307,0a,0,0c0,1d,307,1D180,0,1,0,0,1
338,338,0,307,0a,1,18d,38,307,3831B,0,1,0,0,1
339,339,0,308,0a,1,18d,38,308,3831B,0,1,0,0,1
340,340,0,308,0a,0,0,25,308,25000,0,1,0,0,1
341,341,0,04c,0a,0,0,25,04c,25000,0,1,0,0,1
342,342,0,04c,0a,0,340,1d,04c,1D680,0,1,0,0,1
343,343,0,04d,0a,0,340,1d,04d,1D680,0,1,0,0,1
344,344,0,04d,0a,1,55,38,04d,380AB,0,1,0,0,1
345,345,0,04e,0a,1,55,38,04e,380AB,0,1,0,0,1
346,346,0,04e,0a,1,17f,20,04e,202FF,0,1,0,0,1
347,347,0,2ff,0a,1,17f,20,2ff,202FF,0,1,0,0,1
348,348,0,2ff,0a,0,83,9,2ff,9106,0,1,0,0,1
349,349,0,300,0a,0,83,9,300,9106,0,1,0,0,1
350,350,0,300,0a,0,308,0,300,610,0,1,0,0,1
351,351,0,301,0a,0,308,0,301,610,0,1,0,0,1
352,352,0,301,0a,0,0c0,1d,301,1D180,0,1,0,0,1
353,353,0,302,0a,0,0c0,1d,302,1D180,0,1,0,0,1
354,354,0,302,0a,1,18a,38,302,38315,0,1,0,0,1
355,355,0,303,0a,1,18a,38,303,38315,0,1,0,0,1
356,356,0,303,0a,0,0,25,303,25000,0,1,0,0,1
357,357,0,04f,0a,0,0,25,04f,25000,0,1,0,0,1
358,358,0,04f,0a,0,340,1d,04f,1D680,0,1,0,0,1
359,359,0,50,0a,0,340,1d,50,1D680,0,1,0,0,1
360,360,0,50,0a,1,05a,38,50,380B5,0,1,0,0,1
361,361,0,51,0a,1,05a,38,51,380B5,0,1,0,0,1
362,362,0,51,0a,0,9,0b,51,B012,0,1,0,0,1
363,363,0,52,0a,0,9,0b,52,B012,0,1,0,0,1
364,364,0,52,0a,1,0,3,52,3001,0,1,0,0,1
365,365,0,53,0a,1,0,3,53,3001,0,1,0,0,1
366,366,0,53,0a,1,0,1d,53,1D001,0,1,0,0,1
367,367,0,54,0a,1,0,1d,54,1D001,0,1,0,0,1
368,368,0,54,0a,1,160,30,54,302C1,0,1,0,0,1
369,369,0,55,0a,1,160,30,55,302C1,0,1,0,0,1
370,370,0,55,0a,0,16e,20,55,202DC,0,1,0,0,1
371,371,0,2dc,0a,0,16e,20,2dc,202DC,0,1,0,0,1
372,372,0,2dc,0a,1,37f,1,2dc,16FF,0,1,0,0,1
373,373,0,2dd,0a,1,37f,1,2dd,16FF,0,1,0,0,1
374,374,0,2dd,0a,0,1bd,20,2dd,2037A,0,1,0,0,1
375,375,0,37a,0a,0,1bd,20,37a,2037A,0,1,0,0,1
376,376,0,37a,0a,1,0,9,37a,9001,0,1,0,0,1
377,377,0,37b,0a,1,0,9,37b,9001,0,1,0,0,1
378,378,0,37b,0a,1,0,3,37b,3001,0,1,0,0,1
379,379,0,37c,0a,1,0,3,37c,3001,0,1,0,0,1
380,380,0,37c,0a,1,0,1d,37c,1D001,0,1,0,0,1
381,381,0,37d,0a,1,0,1d,37d,1D001,0,1,0,0,1
382,382,0,37d,0a,0,0,25,37d,25000,0,1,0,0,1
383,383,0,2de,0a,0,0,25,2de,25000,0,1,0,0,1
384,384,0,2de,0a,0,0,35,2de,35000,0,1,0,0,1
385,385,0,56,0a,0,0,35,56,35000,0,1,0,0,1
386,386,0,56,0a,1,37f,1d,56,1D6FF,0,1,0,0,1
387,387,0,57,0a,1,37f,1d,57,1D6FF,0,1,0,0,1
388,388,0,57,0a,0,21,32,57,32042,0,1,0,0,1
389,389,0,42,0a,0,21,32,42,32042,0,1,0,0,1
390,390,0,42,0a,1,37,20,42,2006F,0,1,0,0,1
391,391,0,06f,0a,1,37,20,06f,2006F,0,1,0,0,1
392,392,0,06f,0a,1,7,9,06f,900F,0,1,0,0,1
393,393,0,70,0a,1,7,9,70,900F,0,1,0,0,1
394,394,0,70,0a,1,08a,0b,70,B115,0,1,0,0,1
395,395,0,71,0a,1,08a,0b,71,B115,0,1,0,0,1
396,396,0,71,0a,0,8,1c,71,1C010,0,1,0,0,1
397,397,0,72,0a,0,8,1c,72,1C010,0,1,0,0,1
398,398,0,72,0a,0,0,31,72,31000,0,1,0,0,1
399,399,0,43,2a,0,0,31,43,31000,0,1,0,0,1
400,400,0,43,2a,0,9,0b,43,B012,0,1,0,0,1
401,401,0,44,2a,0,9,0b,44,B012,0,1,0,0,1
402,402,0,44,2a,0,2,3,44,3004,0,1,0,0,1
403,403,0,45,2a,0,2,3,45,3004,0,1,0,0,1
404,404,0,45,2a,0,2,1d,45,1D004,0,1,0,0,1
405,405,0,46,2a,0,2,1d,46,1D004,0,1,0,0,1
406,406,0,46,2a,0,0d7,32,46,321AE,0,1,0,0,1
407,407,0,47,2a,0,0d7,32,47,321AE,0,1,0,0,1
408,408,0,47,2a,0,9,0b,47,B012,0,1,0,0,1
409,409,0,48,2a,0,9,0b,48,B012,0,1,0,0,1
410,410,0,48,2a,0,4,3,48,3008,0,1,0,0,1
411,411,0,49,2a,0,4,3,49,3008,0,1,0,0,1
412,412,0,49,2a,0,4,1d,49,1D008,0,1,0,0,1
413,413,0,04a,2a,0,4,1d,04a,1D008,0,1,0,0,1
414,414,0,04a,2a,0,17b,30,04a,302F6,0,1,0,0,1
415,415,0,04b,2a,0,17b,30,04b,302F6,0,1,0,0,1
416,416,0,04b,2a,0,182,20,04b,20304,0,1,0,0,1
417,417,0,304,2a,0,182,20,304,20304,0,1,0,0,1
418,418,0,304,2a,1,83,9,304,9107,0,1,0,0,1
419,419,0,305,2a,1,83,9,305,9107,0,1,0,0,1
420,420,0,305,2a,0,308,0,305,610,0,1,0,0,1
421,421,0,306,2a,0,308,0,306,610,0,1,0,0,1
422,422,0,306,2a,0,0c0,1d,306,1D180,0,1,0,0,1
423,423,0,307,2a,0,0c0,1d,307,1D180,0,1,0,0,1
424,424,0,307,2a,1,18d,38,307,3831B,0,1,0,0,1
425,425,0,308,2a,1,18d,38,308,3831B,0,1,0,0,1
426,426,0,308,2a,0,0,25,308,25000,0,1,0,0,1
427,427,0,04c,2a,0,0,25,04c,25000,0,1,0,0,1
428,428,0,04c,2a,0,340,1d,04c,1D680,0,1,0,0,1
429,429,0,04d,2a,0,340,1d,04d,1D680,0,1,0,0,1
430,430,0,04d,2a,1,55,38,04d,380AB,0,1,0,0,1
431,431,0,04e,2a,1,55,38,04e,380AB,0,1,0,0,1
432,432,0,04e,2a,1,17f,20,04e,202FF,0,1,0,0,1
433,433,0,2ff,2a,1,17f,20,2ff,202FF,0,1,0,0,1
434,434,0,2ff,2a,0,83,9,2ff,9106,0,1,0,0,1
435,435,0,300,2a,0,83,9,300,9106,0,1,0,0,1
436,436,0,300,2a,0,308,0,300,610,0,1,0,0,1
437,437,0,301,2a,0,308,0,301,610,0,1,0,0,1
438,438,0,301,2a,0,0c0,1d,301,1D180,0,1,0,0,1
439,439,0,302,2a,0,0c0,1d,302,1D180,0,1,0,0,1
440,440,0,302,2a,1,18a,38,302,38315,0,1,0,0,1
441,441,0,303,2a,1,18a,38,303,38315,0,1,0,0,1
442,442,0,303,2a,0,0,25,303,25000,0,1,0,0,1
443,443,0,04f,2a,0,0,25,04f,25000,0,1,0,0,1
444,444,0,04f,2a,0,340,1d,04f,1D680,0,1,0,0,1
445,445,0,50,2a,0,340,1d,50,1D680,0,1,0,0,1
446,446,0,50,2a,1,05a,38,50,380B5,0,1,0,0,1
447,447,0,51,2a,1,05a,38,51,380B5,0,1,0,0,1
448,448,0,51,2a,0,9,0b,51,B012,0,1,0,0,1
449,449,0,52,2a,0,9,0b,52,B012,0,1,0,0,1
450,450,0,52,2a,1,0,3,52,3001,0,1,0,0,1
451,451,0,53,2a,1,0,3,53,3001,0,1,0,0,1
452,452,0,53,2a,1,0,1d,53,1D001,0,1,0,0,1
453,453,0,54,2a,1,0,1d,54,1D001,0,1,0,0,1
454,454,0,54,2a,1,160,30,54,302C1,0,1,0,0,1
455,455,0,55,2a,1,160,30,55,302C1,0,1,0,0,1
456,456,0,55,2a,0,16e,20,55,202DC,0,1,0,0,1
457,457,0,2dc,2a,0,16e,20,2dc,202DC,0,1,0,0,1
458,458,0,2dc,2a,1,37f,1,2dc,16FF,0,1,0,0,1
459,459,0,2dd,2a,1,37f,1,2dd,16FF,0,1,0,0,1
460,460,0,2dd,2a,0,1bd,20,2dd,2037A,0,1,0,0,1
461,461,0,37a,2a,0,1bd,20,37a,2037A,0,1,0,0,1
462,462,0,37a,2a,1,0,9,37a,9001,0,1,0,0,1
463,463,0,37b,2a,1,0,9,37b,9001,0,1,0,0,1
464,464,0,37b,2a,1,0,3,37b,3001,0,1,0,0,1
465,465,0,37c,2a,1,0,3,37c,3001,0,1,0,0,1
466,466,0,37c,2a,1,0,1d,37c,1D001,0,1,0,0,1
467,467,0,37d,2a,1,0,1d,37d,1D001,0,1,0,0,1
468,468,0,37d,2a,0,0,25,37d,25000,0,1,0,0,1
469,469,0,2de,2a,0,0,25,2de,25000,0,1,0,0,1
470,470,0,2de,2a,0,0,35,2de,35000,0,1,0,0,1
471,471,0,56,2a,0,0,35,56,35000,0,1,0,0,1
472,472,0,56,2a,1,37f,1d,56,1D6FF,0,1,0,0,1
473,473,0,57,2a,1,37f,1d,57,1D6FF,0,1,0,0,1
474,474,0,57,2a,0,21,32,57,32042,0,1,0,0,1
475,475,0,42,2a,0,21,32,42,32042,0,1,0,0,1
476,476,0,42,2a,1,37,20,42,2006F,0,1,0,0,1
477,477,0,06f,2a,1,37,20,06f,2006F,0,1,0,0,1
478,478,0,06f,2a,1,7,9,06f,900F,0,1,0,0,1
479,479,0,70,2a,1,7,9,70,900F,0,1,0,0,1
480,480,0,70,2a,1,08a,0b,70,B115,0,1,0,0,1
481,481,0,71,2a,1,08a,0b,71,B115,0,1,0,0,1
482,482,0,71,2a,0,8,1c,71,1C010,0,1,0,0,1
483,483,0,72,2a,0,8,1c,72,1C010,0,1,0,0,1
484,484,0,72,2a,0,0,31,72,31000,0,1,0,0,1
485,485,0,43,2a,0,0,31,43,31000,0,1,0,0,1
486,486,0,43,2a,0,9,0b,43,B012,0,1,0,0,1
487,487,0,44,2a,0,9,0b,44,B012,0,1,0,0,1
488,488,0,44,2a,0,2,3,44,3004,0,1,0,0,1
489,489,0,45,2a,0,2,3,45,3004,0,1,0,0,1
490,490,0,45,2a,0,2,1d,45,1D004,0,1,0,0,1
491,491,0,46,2a,0,2,1d,46,1D004,0,1,0,0,1
492,492,0,46,2a,0,0d7,32,46,321AE,0,1,0,0,1
493,493,0,47,2a,0,0d7,32,47,321AE,0,1,0,0,1
494,494,0,47,2a,0,9,0b,47,B012,0,1,0,0,1
495,495,0,48,2a,0,9,0b,48,B012,0,1,0,0,1
496,496,0,48,2a,0,4,3,48,3008,0,1,0,0,1
497,497,0,49,2a,0,4,3,49,3008,0,1,0,0,1
498,498,0,49,2a,0,4,1d,49,1D008,0,1,0,0,1
499,499,0,04a,2a,0,4,1d,04a,1D008,0,1,0,0,1
500,500,1,04a,2a,0,17b,30,04a,302F6,0,1,1,0,1
501,501,0,04b,74,0,17b,30,04b,302F6,0,1,1,0,1
502,502,0,04b,0d,0,182,20,04b,20304,0,1,1,0,1
503,503,0,304,0a,0,182,20,304,20304,0,1,1,0,1
504,504,0,304,0a,1,83,9,304,9107,0,1,0,0,1
505,505,0,305,0a,1,83,9,305,9107,0,1,0,0,1
506,506,0,305,0a,0,308,0,305,610,0,1,0,0,1
507,507,0,306,0a,0,308,0,306,610,0,1,0,0,1
508,508,0,306,0a,0,0c0,1d,306,1D180,0,1,0,0,1
509,509,0,307,0a,0,0c0,1d,307,1D180,0,1,0,0,1
510,510,0,307,0a,1,18d,38,307,3831B,0,1,0,0,1
511,511,0,308,0a,1,18d,38,308,3831B,0,1,0,0,1
512,512,0,308,0a,0,0,25,308,25000,0,1,0,0,1
513,513,0,04c,0a,0,0,25,04c,25000,0,1,0,0,1
514,514,0,04c,0a,0,340,1d,04c,1D680,0,1,0,0,1
515,515,0,04d,0a,0,340,1d,04d,1D680,0,1,0,0,1
516,516,0,04d,0a,1,55,38,04d,380AB,0,1,0,0,1
517,517,0,04e,0a,1,55,38,04e,380AB,0,1,0,0,1
518,518,0,04e,0a,1,17f,20,04e,202FF,0,1,0,0,1
519,519,0,2ff,0a,1,17f,20,2ff,202FF,0,1,0,0,1
520,520,0,2ff,0a,0,83,9,2ff,9106,0,1,0,0,1
521,521,0,300,0a,0,83,9,300,9106,0,1,0,0,1
522,522,0,300,0a,0,308,0,300,610,0,1,0,0,1
523,523,0,301,0a,0,308,0,301,610,0,1,0,0,1
524,524,0,301,0a,0,0c0,1d,301,1D180,0,1,0,0,1
525,525,0,302,0a,0,0c0,1d,302,1D180,0,1,0,0,1
526,526,0,302,0a,1,18a,38,302,38315,0,1,0,0,1
527,527,0,303,0a,1,18a,38,303,38315,0,1,0,0,1
528,528,0,303,0a,0,0,25,303,25000,0,1,0,0,1
529,529,0,04f,0a,0,0,25,04f,25000,0,1,0,0,1
530,530,0,04f,0a,0,340,1d,04f,1D680,0,1,0,0,1
531,531,0,50,0a,0,340,1d,50,1D680,0,1,0,0,1
532,532,0,50,0a,1,05a,38,50,380B5,0,1,0,0,1
533,533,0,51,0a,1,05a,38,51,380B5,0,1,0,0,1
534,534,0,51,0a,0,9,0b,51,B012,0,1,0,0,1
535,535,0,52,0a,0,9,0b,52,B012,0,1,0,0,1
536,536,0,52,0a,1,0,3,52,3001,0,1,0,0,1
537,537,0,53,0a,1,0,3,53,3001,0,1,0,0,1
538,538,0,53,0a,1,0,1d,53,1D001,0,1,0,0,1
539,539,0,54,0a,1,0,1d,54,1D001,0,1,0,0,1
540,540,0,54,0a,1,160,30,54,302C1,0,1,0,0,1
541,541,0,55,0a,1,160,30,55,302C1,0,1,0,0,1
542,542,0,55,0a,0,16e,20,55,202DC,0,1,0,0,1
543,543,0,2dc,0a,0,16e,20,2dc,202DC,0,1,0,0,1
544,544,0,2dc,0a,1,37f,1,2dc,16FF,0,1,0,0,1
545,545,0,2dd,0a,1,37f,1,2dd,16FF,0,1,0,0,1
546,546,0,2dd,0a,0,1bd,20,2dd,2037A,0,1,0,0,1
547,547,0,37a,0a,0,1bd,20,37a,2037A,0,1,0,0,1
548,548,0,37a,0a,1,0,9,37a,9001,0,1,0,0,1
549,549,0,37b,0a,1,0,9,37b,9001,0,1,0,0,1
550,550,0,37b,0a,1,0,3,37b,3001,0,1,0,0,1
551,551,0,37c,0a,1,0,3,37c,3001,0,1,0,0,1
552,552,0,37c,0a,1,0,1d,37c,1D001,0,1,0,0,1
553,553,0,37d,0a,1,0,1d,37d,1D001,0,1,0,0,1
554,554,0,37d,0a,0,0,25,37d,25000,0,1,0,0,1
555,555,0,2de,0a,0,0,25,2de,25000,0,1,0,0,1
556,556,0,2de,0a,0,0,35,2de,35000,0,1,0,0,1
557,557,0,2df,0a,0,0,35,2df,35000,0,1,0,0,1
558,558,0,2df,0a,0,300,9,2df,9600,0,1,0,0,1
559,559,0,2,0a,0,300,9,2,9600,0,1,0,0,1
560,560,0,2,0a,1,33f,3,2,367F,0,1,0,0,1
561,561,0,20,0a,1,33f,3,20,367F,0,1,0,0,1
562,562,0,20,0a,0,0,25,20,25000,0,1,0,0,1
563,563,0,56,0a,0,0,25,56,25000,0,1,0,0,1
564,564,0,56,0a,1,37f,1d,56,1D6FF,0,1,0,0,1
565,565,0,57,0a,1,37f,1d,57,1D6FF,0,1,0,0,1
566,566,0,57,0a,0,21,32,57,32042,0,1,0,0,1
567,567,0,58,0a,0,21,32,58,32042,0,1,0,0,1
568,568,0,58,0a,0,305,1d,58,1D60A,0,1,0,0,1
569,569,0,59,0a,0,305,1d,59,1D60A,0,1,0,0,1
570,570,0,59,0a,0,90,32,59,32120,0,1,0,0,1
571,571,0,05a,0a,0,90,32,05a,32120,0,1,0,0,1
572,572,0,05a,0a,1,306,1d,05a,1D60D,0,1,0,0,1
573,573,0,05b,0a,1,306,1d,05b,1D60D,0,1,0,0,1
574,574,0,05b,0a,0,21,32,05b,32042,0,1,0,0,1
575,575,0,05c,0a,0,21,32,05c,32042,0,1,0,0,1
576,576,0,05c,0a,0,588,1d,05c,1DB10,0,1,0,0,1
577,577,0,05d,0a,0,588,1d,05d,1DB10,0,1,0,0,1
578,578,0,05d,0a,0,21,3e,05d,3E042,0,1,0,0,1
579,579,0,05e,0a,0,21,3e,05e,3E042,0,1,0,0,1
580,580,0,05e,0a,0,358,2e,05e,2E6B0,0,1,0,0,1
581,581,0,05f,0a,0,358,2e,05f,2E6B0,0,1,0,0,1
582,582,0,05f,0a,1,580,11,05f,11B01,0,1,0,0,1
583,583,0,60,0a,1,580,11,60,11B01,0,1,0,0,1
584,584,0,60,0a,0,21,22,60,22042,0,1,0,0,1
585,585,0,42,0a,0,21,22,42,22042,0,1,0,0,1
586,586,0,42,0a,1,37,20,42,2006F,0,1,0,0,1
587,587,0,06f,0a,1,37,20,06f,2006F,0,1,0,0,1
588,588,0,06f,0a,1,7,9,06f,900F,0,1,0,0,1
589,589,0,70,0a,1,7,9,70,900F,0,1,0,0,1
590,590,0,70,0a,1,08a,0b,70,B115,0,1,0,0,1
591,591,0,71,0a,1,08a,0b,71,B115,0,1,0,0,1
592,592,0,71,0a,0,8,1c,71,1C010,0,1,0,0,1
593,593,0,72,0a,0,8,1c,72,1C010,0,1,0,0,1
594,594,0,72,0a,0,0,31,72,31000,0,1,0,0,1
595,595,0,43,0a,0,0,31,43,31000,0,1,0,0,1
596,596,0,43,0a,0,9,0b,43,B012,0,1,0,0,1
597,597,0,44,0a,0,9,0b,44,B012,0,1,0,0,1
598,598,0,44,0a,0,2,3,44,3004,0,1,0,0,1
599,599,0,45,0a,0,2,3,45,3004,0,1,0,0,1
600,600,0,45,0a,0,2,1d,45,1D004,0,1,0,0,1
601,601,0,46,0a,0,2,1d,46,1D004,0,1,0,0,1
602,602,0,46,0a,0,0d7,32,46,321AE,0,1,0,0,1
603,603,0,47,0a,0,0d7,32,47,321AE,0,1,0,0,1
604,604,0,47,0a,0,9,0b,47,B012,0,1,0,0,1
605,605,0,48,0a,0,9,0b,48,B012,0,1,0,0,1
606,606,0,48,0a,0,4,3,48,3008,0,1,0,0,1
607,607,0,49,0a,0,4,3,49,3008,0,1,0,0,1
608,608,0,49,0a,0,4,1d,49,1D008,0,1,0,0,1
609,609,0,04a,0a,0,4,1d,04a,1D008,0,1,0,0,1
610,610,0,04a,0a,0,17b,30,04a,302F6,0,1,0,0,1
611,611,0,04b,0a,0,17b,30,04b,302F6,0,1,0,0,1
612,612,0,04b,0a,0,182,20,04b,20304,0,1,0,0,1
613,613,0,304,0a,0,182,20,304,20304,0,1,0,0,1
614,614,0,304,0a,1,83,9,304,9107,0,1,0,0,1
615,615,0,305,0a,1,83,9,305,9107,0,1,0,0,1
616,616,0,305,0a,0,308,0,305,610,0,1,0,0,1
617,617,0,306,0a,0,308,0,306,610,0,1,0,0,1
618,618,0,306,0a,0,0c0,1d,306,1D180,0,1,0,0,1
619,619,0,307,0a,0,0c0,1d,307,1D180,0,1,0,0,1
620,620,0,307,0a,1,18d,38,307,3831B,0,1,0,0,1
621,621,0,308,0a,1,18d,38,308,3831B,0,1,0,0,1
622,622,0,308,0a,0,0,25,308,25000,0,1,0,0,1
623,623,0,04c,0a,0,0,25,04c,25000,0,1,0,0,1
624,624,0,04c,0a,0,340,1d,04c,1D680,0,1,0,0,1
625,625,0,04d,0a,0,340,1d,04d,1D680,0,1,0,0,1
626,626,0,04d,0a,1,55,38,04d,380AB,0,1,0,0,1
627,627,0,04e,0a,1,55,38,04e,380AB,0,1,0,0,1
628,628,0,04e,0a,1,17f,20,04e,202FF,0,1,0,0,1
629,629,0,2ff,0a,1,17f,20,2ff,202FF,0,1,0,0,1
630,630,0,2ff,0a,0,83,9,2ff,9106,0,1,0,0,1
631,631,0,300,0a,0,83,9,300,9106,0,1,0,0,1
632,632,0,300,0a,0,308,0,300,610,0,1,0,0,1
633,633,0,301,0a,0,308,0,301,610,0,1,0,0,1
634,634,0,301,0a,0,0c0,1d,301,1D180,0,1,0,0,1
635,635,0,302,0a,0,0c0,1d,302,1D180,0,1,0,0,1
636,636,0,302,0a,1,18a,38,302,38315,0,1,0,0,1
637,637,0,303,0a,1,18a,38,303,38315,0,1,0,0,1
638,638,0,303,0a,0,0,25,303,25000,0,1,0,0,1
639,639,0,04f,0a,0,0,25,04f,25000,0,1,0,0,1
640,640,0,04f,0a,0,340,1d,04f,1D680,0,1,0,0,1
641,641,0,50,0a,0,340,1d,50,1D680,0,1,0,0,1
642,642,0,50,0a,1,05a,38,50,380B5,0,1,0,0,1
643,643,0,51,0a,1,05a,38,51,380B5,0,1,0,0,1
644,644,0,51,0a,0,9,0b,51,B012,0,1,0,0,1
645,645,0,52,0a,0,9,0b,52,B012,0,1,0,0,1
646,646,0,52,0a,1,0,3,52,3001,0,1,0,0,1
647,647,0,53,0a,1,0,3,53,3001,0,1,0,0,1
648,648,0,53,0a,1,0,1d,53,1D001,0,1,0,0,1
649,649,0,54,0a,1,0,1d,54,1D001,0,1,0,0,1
650,650,0,54,0a,1,160,30,54,302C1,0,1,0,0,1
651,651,0,55,0a,1,160,30,55,302C1,0,1,0,0,1
652,652,0,55,0a,0,16e,20,55,202DC,0,1,0,0,1
653,653,0,2dc,0a,0,16e,20,2dc,202DC,0,1,0,0,1
654,654,0,2dc,0a,1,37f,1,2dc,16FF,0,1,0,0,1
655,655,0,2dd,0a,1,37f,1,2dd,16FF,0,1,0,0,1
656,656,0,2dd,0a,0,1bd,20,2dd,2037A,0,1,0,0,1
657,657,0,37a,0a,0,1bd,20,37a,2037A,0,1,0,0,1
658,658,0,37a,0a,1,0,9,37a,9001,0,1,0,0,1
659,659,0,37b,0a,1,0,9,37b,9001,0,1,0,0,1
660,660,0,37b,0a,1,0,3,37b,3001,0,1,0,0,1
661,661,0,37c,0a,1,0,3,37c,3001,0,1,0,0,1
662,662,0,37c,0a,1,0,1d,37c,1D001,0,1,0,0,1
663,663,0,37d,0a,1,0,1d,37d,1D001,0,1,0,0,1
664,664,0,37d,0a,0,0,25,37d,25000,0,1,0,0,1
665,665,0,2de,0a,0,0,25,2de,25000,0,1,0,0,1
666,666,0,2de,0a,0,0,35,2de,35000,0,1,0,0,1
667,667,0,2df,0a,0,0,35,2df,35000,0,1,0,0,1
668,668,0,2df,0a,0,300,9,2df,9600,0,1,0,0,1
669,669,0,2,0a,0,300,9,2,9600,0,1,0,0,1
670,670,0,2,0a,1,33f,3,2,367F,0,1,0,0,1
671,671,0,20,0a,1,33f,3,20,367F,0,1,0,0,1
672,672,0,20,0a,0,0,25,20,25000,0,1,0,0,1
673,673,0,56,0a,0,0,25,56,25000,0,1,0,0,1
674,674,0,56,0a,1,37f,1d,56,1D6FF,0,1,0,0,1
675,675,0,57,0a,1,37f,1d,57,1D6FF,0,1,0,0,1
676,676,0,57,0a,0,21,32,57,32042,0,1,0,0,1
677,677,0,58,0a,0,21,32,58,32042,0,1,0,0,1
678,678,0,58,0a,0,305,1d,58,1D60A,0,1,0,0,1
679,679,0,59,0a,0,305,1d,59,1D60A,0,1,0,0,1
680,680,0,59,0a,0,90,32,59,32120,0,1,0,0,1
681,681,0,05a,0a,0,90,32,05a,32120,0,1,0,0,1
682,682,0,05a,0a,1,306,1d,05a,1D60D,0,1,0,0,1
683,683,0,05b,0a,1,306,1d,05b,1D60D,0,1,0,0,1
684,684,0,05b,0a,0,21,32,05b,32042,0,1,0,0,1
685,685,0,05c,0a,0,21,32,05c,32042,0,1,0,0,1
686,686,0,05c,0a,0,588,1d,05c,1DB10,0,1,0,0,1
687,687,0,05d,0a,0,588,1d,05d,1DB10,0,1,0,0,1
688,688,0,05d,0a,0,21,3e,05d,3E042,0,1,0,0,1
689,689,0,05e,0a,0,21,3e,05e,3E042,0,1,0,0,1
690,690,0,05e,0a,0,358,2e,05e,2E6B0,0,1,0,0,1
691,691,0,05f,0a,0,358,2e,05f,2E6B0,0,1,0,0,1
692,692,0,05f,0a,1,580,11,05f,11B01,0,1,0,0,1
693,693,0,60,0a,1,580,11,60,11B01,0,1,0,0,1
694,694,0,60,0a,0,21,22,60,22042,0,1,0,0,1
695,695,0,42,0a,0,21,22,42,22042,0,1,0,0,1
696,696,0,42,0a,1,37,20,42,2006F,0,1,0,0,1
697,697,0,06f,0a,1,37,20,06f,2006F,0,1,0,0,1
698,698,0,06f,0a,1,7,9,06f,900F,0,1,0,0,1
699,699,0,70,0a,1,7,9,70,900F,0,1,0,0,1
700,700,0,70,0a,1,08a,0b,70,B115,0,1,0,0,1
701,701,0,71,0a,1,08a,0b,71,B115,0,1,0,0,1
702,702,0,71,0a,0,8,1c,71,1C010,0,1,0,0,1
703,703,0,72,0a,0,8,1c,72,1C010,0,1,0,0,1
704,704,0,72,0a,0,0,31,72,31000,0,1,0,0,1
705,705,0,43,0a,0,0,31,43,31000,0,1,0,0,1
706,706,0,43,0a,0,9,0b,43,B012,0,1,0,0,1
707,707,0,44,0a,0,9,0b,44,B012,0,1,0,0,1
708,708,0,44,0a,0,2,3,44,3004,0,1,0,0,1
709,709,0,45,0a,0,2,3,45,3004,0,1,0,0,1
710,710,0,45,0a,0,2,1d,45,1D004,0,1,0,0,1
711,711,0,46,0a,0,2,1d,46,1D004,0,1,0,0,1
712,712,0,46,0a,0,0d7,32,46,321AE,0,1,0,0,1
713,713,0,47,0a,0,0d7,32,47,321AE,0,1,0,0,1
714,714,0,47,0a,0,9,0b,47,B012,0,1,0,0,1
715,715,0,48,0a,0,9,0b,48,B012,0,1,0,0,1
716,716,0,48,0a,0,4,3,48,3008,0,1,0,0,1
717,717,0,49,0a,0,4,3,49,3008,0,1,0,0,1
718,718,0,49,0a,0,4,1d,49,1D008,0,1,0,0,1
719,719,0,04a,0a,0,4,1d,04a,1D008,0,1,0,0,1
720,720,0,04a,0a,0,17b,30,04a,302F6,0,1,0,0,1
721,721,0,04b,0a,0,17b,30,04b,302F6,0,1,0,0,1
722,722,0,04b,0a,0,182,20,04b,20304,0,1,0,0,1
723,723,0,304,0a,0,182,20,304,20304,0,1,0,0,1
724,724,0,304,0a,1,83,9,304,9107,0,1,0,0,1
725,725,0,305,0a,1,83,9,305,9107,0,1,0,0,1
726,726,0,305,0a,0,308,0,305,610,0,1,0,0,1
727,727,0,306,0a,0,308,0,306,610,0,1,0,0,1
728,728,0,306,0a,0,0c0,1d,306,1D180,0,1,0,0,1
729,729,0,307,0a,0,0c0,1d,307,1D180,0,1,0,0,1
730,730,0,307,0a,1,18d,38,307,3831B,0,1,0,0,1
731,731,0,308,0a,1,18d,38,308,3831B,0,1,0,0,1
732,732,0,308,0a,0,0,25,308,25000,0,1,0,0,1
733,733,0,04c,0a,0,0,25,04c,25000,0,1,0,0,1
734,734,0,04c,0a,0,340,1d,04c,1D680,0,1,0,0,1
735,735,0,04d,0a,0,340,1d,04d,1D680,0,1,0,0,1
736,736,0,04d,0a,1,55,38,04d,380AB,0,1,0,0,1
737,737,0,04e,0a,1,55,38,04e,380AB,0,1,0,0,1
738,738,0,04e,0a,1,17f,20,04e,202FF,0,1,0,0,1
739,739,0,2ff,0a,1,17f,20,2ff,202FF,0,1,0,0,1
740,740,0,2ff,0a,0,83,9,2ff,9106,0,1,0,0,1
741,741,0,300,0a,0,83,9,300,9106,0,1,0,0,1
742,742,0,300,0a,0,308,0,300,610,0,1,0,0,1
743,743,0,301,0a,0,308,0,301,610,0,1,0,0,1
744,744,0,301,0a,0,0c0,1d,301,1D180,0,1,0,0,1
745,745,0,302,0a,0,0c0,1d,302,1D180,0,1,0,0,1
746,746,0,302,0a,1,18a,38,302,38315,0,1,0,0,1
747,747,0,303,0a,1,18a,38,303,38315,0,1,0,0,1
748,748,0,303,0a,0,0,25,303,25000,0,1,0,0,1
749,749,0,04f,0a,0,0,25,04f,25000,0,1,0,0,1
750,750,0,04f,0a,0,340,1d,04f,1D680,0,1,0,0,1
751,751,0,50,0a,0,340,1d,50,1D680,0,1,0,0,1
752,752,0,50,0a,1,05a,38,50,380B5,0,1,0,0,1
753,753,0,51,0a,1,05a,38,51,380B5,0,1,0,0,1
754,754,0,51,0a,0,9,0b,51,B012,0,1,0,0,1
755,755,0,52,0a,0,9,0b,52,B012,0,1,0,0,1
756,756,0,52,0a,1,0,3,52,3001,0,1,0,0,1
757,757,0,53,0a,1,0,3,53,3001,0,1,0,0,1
758,758,0,53,0a,1,0,1d,53,1D001,0,1,0,0,1
759,759,0,54,0a,1,0,1d,54,1D001,0,1,0,0,1
760,760,0,54,0a,1,160,30,54,302C1,0,1,0,0,1
761,761,0,55,0a,1,160,30,55,302C1,0,1,0,0,1
762,762,0,55,0a,0,16e,20,55,202DC,0,1,0,0,1
763,763,0,2dc,0a,0,16e,20,2dc,202DC,0,1,0,0,1
764,764,0,2dc,0a,1,37f,1,2dc,16FF,0,1,0,0,1
765,765,0,2dd,0a,1,37f,1,2dd,16FF,0,1,0,0,1
766,766,0,2dd,0a,0,1bd,20,2dd,2037A,0,1,0,0,1
767,767,0,37a,0a,0,1bd,20,37a,2037A,0,1,0,0,1
768,768,0,37a,0a,1,0,9,37a,9001,0,1,0,0,1
769,769,0,37b,0a,1,0,9,37b,9001,0,1,0,0,1
770,770,0,37b,0a,1,0,3,37b,3001,0,1,0,0,1
771,771,0,37c,0a,1,0,3,37c,3001,0,1,0,0,1
772,772,0,37c,0a,1,0,1d,37c,1D001,0,1,0,0,1
773,773,0,37d,0a,1,0,1d,37d,1D001,0,1,0,0,1
774,774,0,37d,0a,0,0,25,37d,25000,0,1,0,0,1
775,775,0,2de,0a,0,0,25,2de,25000,0,1,0,0,1
776,776,0,2de,0a,0,0,35,2de,35000,0,1,0,0,1
777,777,0,2df,0a,0,0,35,2df,35000,0,1,0,0,1
778,778,0,2df,0a,0,300,9,2df,9600,0,1,0,0,1
779,779,0,2,0a,0,300,9,2,9600,0,1,0,0,1
780,780,0,2,0a,1,33f,3,2,367F,0,1,0,0,1
781,781,0,20,0a,1,33f,3,20,367F,0,1,0,0,1
782,782,0,20,0a,0,0,25,20,25000,0,1,0,0,1
783,783,0,56,0a,0,0,25,56,25000,0,1,0,0,1
784,784,0,56,0a,1,37f,1d,56,1D6FF,0,1,0,0,1
785,785,0,57,0a,1,37f,1d,57,1D6FF,0,1,0,0,1
786,786,0,57,0a,0,21,32,57,32042,0,1,0,0,1
787,787,0,58,0a,0,21,32,58,32042,0,1,0,0,1
788,788,0,58,0a,0,305,1d,58,1D60A,0,1,0,0,1
789,789,0,59,0a,0,305,1d,59,1D60A,0,1,0,0,1
790,790,0,59,0a,0,90,32,59,32120,0,1,0,0,1
791,791,0,05a,0a,0,90,32,05a,32120,0,1,0,0,1
792,792,0,05a,0a,1,306,1d,05a,1D60D,0,1,0,0,1
793,793,0,05b,0a,1,306,1d,05b,1D60D,0,1,0,0,1
794,794,0,05b,0a,0,21,32,05b,32042,0,1,0,0,1
795,795,0,42,0a,0,21,32,42,32042,0,1,0,0,1
796,796,0,42,0a,1,37,20,42,2006F,0,1,0,0,1
797,797,0,06f,0a,1,37,20,06f,2006F,0,1,0,0,1
798,798,0,06f,0a,1,7,9,06f,900F,0,1,0,0,1
799,799,0,70,0a,1,7,9,70,900F,0,1,0,0,1
800,800,0,70,0a,1,08a,0b,70,B115,0,1,0,0,1
801,801,0,71,0a,1,08a,0b,71,B115,0,1,0,0,1
802,802,0,71,0a,0,8,1c,71,1C010,0,1,0,0,1
803,803,0,72,0a,0,8,1c,72,1C010,0,1,0,0,1
804,804,0,72,0a,0,0,31,72,31000,0,1,0,0,1
805,805,0,43,0a,0,0,31,43,31000,0,1,0,0,1
806,806,0,43,0a,0,9,0b,43,B012,0,1,0,0,1
807,807,0,44,0a,0,9,0b,44,B012,0,1,0,0,1
808,808,0,44,0a,0,2,3,44,3004,0,1,0,0,1
809,809,0,45,0a,0,2,3,45,3004,0,1,0,0,1
810,810,0,45,0a,0,2,1d,45,1D004,0,1,0,0,1
811,811,0,46,0a,0,2,1d,46,1D004,0,1,0,0,1
812,812,0,46,0a,0,0d7,32,46,321AE,0,1,0,0,1
813,813,0,47,0a,0,0d7,32,47,321AE,0,1,0,0,1
814,814,0,47,0a,0,9,0b,47,B012,0,1,0,0,1
815,815,0,48,0a,0,9,0b,48,B012,0,1,0,0,1
816,816,0,48,0a,0,4,3,48,3008,0,1,0,0,1
817,817,0,49,0a,0,4,3,49,3008,0,1,0,0,1
818,818,0,49,0a,0,4,1d,49,1D008,0,1,0,0,1
819,819,0,04a,0a,0,4,1d,04a,1D008,0,1,0,0,1
820,820,0,04a,0a,0,17b,30,04a,302F6,0,1,0,0,1
821,821,0,04b,0a,0,17b,30,04b,302F6,0,1,0,0,1
822,822,0,04b,0a,0,182,20,04b,20304,0,1,0,0,1
823,823,0,304,0a,0,182,20,304,20304,0,1,0,0,1
824,824,0,304,0a,1,83,9,304,9107,0,1,0,0,1
825,825,0,305,0a,1,83,9,305,9107,0,1,0,0,1
826,826,0,305,0a,0,308,0,305,610,0,1,0,0,1
827,827,0,306,0a,0,308,0,306,610,0,1,0,0,1
828,828,0,306,0a,0,0c0,1d,306,1D180,0,1,0,0,1
829,829,0,307,0a,0,0c0,1d,307,1D180,0,1,0,0,1
830,830,0,307,0a,1,18d,38,307,3831B,0,1,0,0,1
831,831,0,308,0a,1,18d,38,308,3831B,0,1,0,0,1
832,832,0,308,0a,0,0,25,308,25000,0,1,0,0,1
833,833,0,04c,0a,0,0,25,04c,25000,0,1,0,0,1
834,834,0,04c,0a,0,340,1d,04c,1D680,0,1,0,0,1
835,835,0,04d,0a,0,340,1d,04d,1D680,0,1,0,0,1
836,836,0,04d,0a,1,55,38,04d,380AB,0,1,0,0,1
837,837,0,04e,0a,1,55,38,04e,380AB,0,1,0,0,1
838,838,0,04e,0a,1,17f,20,04e,202FF,0,1,0,0,1
839,839,0,2ff,0a,1,17f,20,2ff,202FF,0,1,0,0,1
840,840,0,2ff,0a,0,83,9,2ff,9106,0,1,0,0,1
841,841,0,300,0a,0,83,9,300,9106,0,1,0,0,1
842,842,0,300,0a,0,308,0,300,610,0,1,0,0,1
843,843,0,301,0a,0,308,0,301,610,0,1,0,0,1
844,844,0,301,0a,0,0c0,1d,301,1D180,0,1,0,0,1
845,845,0,302,0a,0,0c0,1d,302,1D180,0,1,0,0,1
846,846,0,302,0a,1,18a,38,302,38315,0,1,0,0,1
847,847,0,303,0a,1,18a,38,303,38315,0,1,0,0,1
848,848,0,303,0a,0,0,25,303,25000,0,1,0,0,1
849,849,0,04f,0a,0,0,25,04f,25000,0,1,0,0,1
850,850,0,04f,0a,0,340,1d,04f,1D680,0,1,0,0,1
851,851,0,50,0a,0,340,1d,50,1D680,0,1,0,0,1
852,852,0,50,0a,1,05a,38,50,380B5,0,1,0,0,1
853,853,0,51,0a,1,05a,38,51,380B5,0,1,0,0,1
854,854,0,51,0a,0,9,0b,51,B012,0,1,0,0,1
855,855,0,52,0a,0,9,0b,52,B012,0,1,0,0,1
856,856,0,52,0a,1,0,3,52,3001,0,1,0,0,1
857,857,0,53,2a,1,0,3,53,3001,0,1,0,0,1
858,858,0,53,2a,1,0,1d,53,1D001,0,1,0,0,1
859,859,0,54,2a,1,0,1d,54,1D001,0,1,0,0,1
860,860,0,54,2a,1,160,30,54,302C1,0,1,0,0,1
861,861,0,55,2a,1,160,30,55,302C1,0,1,0,0,1
862,862,0,55,2a,0,16e,20,55,202DC,0,1,0,0,1
863,863,0,2dc,2a,0,16e,20,2dc,202DC,0,1,0,0,1
864,864,0,2dc,2a,1,37f,1,2dc,16FF,0,1,0,0,1
865,865,0,2dd,2a,1,37f,1,2dd,16FF,0,1,0,0,1
866,866,0,2dd,2a,0,1bd,20,2dd,2037A,0,1,0,0,1
867,867,0,37a,2a,0,1bd,20,37a,2037A,0,1,0,0,1
868,868,0,37a,2a,1,0,9,37a,9001,0,1,0,0,1
869,869,0,37b,2a,1,0,9,37b,9001,0,1,0,0,1
870,870,0,37b,2a,1,0,3,37b,3001,0,1,0,0,1
871,871,0,37c,2a,1,0,3,37c,3001,0,1,0,0,1
872,872,0,37c,2a,1,0,1d,37c,1D001,0,1,0,0,1
873,873,0,37d,2a,1,0,1d,37d,1D001,0,1,0,0,1
874,874,0,37d,2a,0,0,25,37d,25000,0,1,0,0,1
875,875,0,2de,2a,0,0,25,2de,25000,0,1,0,0,1
876,876,0,2de,2a,0,0,35,2de,35000,0,1,0,0,1
877,877,0,2df,2a,0,0,35,2df,35000,0,1,0,0,1
878,878,0,2df,2a,0,300,9,2df,9600,0,1,0,0,1
879,879,0,2,2a,0,300,9,2,9600,0,1,0,0,1
880,880,0,2,2a,1,33f,3,2,367F,0,1,0,0,1
881,881,0,20,2a,1,33f,3,20,367F,0,1,0,0,1
882,882,0,20,2a,0,0,25,20,25000,0,1,0,0,1
883,883,0,56,2a,0,0,25,56,25000,0,1,0,0,1
884,884,0,56,2a,1,37f,1d,56,1D6FF,0,1,0,0,1
885,885,0,57,2a,1,37f,1d,57,1D6FF,0,1,0,0,1
886,886,0,57,2a,0,21,32,57,32042,0,1,0,0,1
887,887,0,58,2a,0,21,32,58,32042,0,1,0,0,1
888,888,0,58,2a,0,305,1d,58,1D60A,0,1,0,0,1
889,889,0,59,2a,0,305,1d,59,1D60A,0,1,0,0,1
890,890,0,59,2a,0,90,32,59,32120,0,1,0,0,1
891,891,0,120,2a,0,90,32,120,32120,0,1,0,0,1
892,892,0,120,2a,0,480,1,120,1900,0,1,0,0,1
893,893,0,121,2a,0,480,1,121,1900,0,1,0,0,1
894,894,0,121,2a,0,4d8,1c,121,1C9B0,0,1,0,0,1
895,895,0,122,2a,0,4d8,1c,122,1C9B0,0,1,0,0,1
896,896,0,122,2a,1,20,32,122,32041,0,1,0,0,1
897,897,0,123,2a,1,20,32,123,32041,0,1,0,0,1
898,898,0,123,2a,1,1b7,20,123,2036F,0,1,0,0,1
899,899,0,36f,2a,1,1b7,20,36f,2036F,0,1,0,0,1
900,900,0,36f,2a,0,48,0a,36f,A090,0,1,0,0,1
901,901,0,370,2a,0,48,0a,370,A090,0,1,0,0,1
902,902,0,370,2a,1,480,11,370,11901,0,1,0,0,1
903,903,0,371,2a,1,480,11,371,11901,0,1,0,0,1
904,904,0,371,2a,0,300,0,371,600,0,1,0,0,1
905,905,0,372,2a,0,300,0,372,600,0,1,0,0,1
906,906,0,372,2a,0,0,25,372,25000,0,1,0,0,1
907,907,0,124,2a,0,0,25,124,25000,0,1,0,0,1
908,908,0,124,2a,0,15,1d,124,1D02A,0,1,0,0,1
909,909,0,125,2a,0,15,1d,125,1D02A,0,1,0,0,1
910,910,0,125,2a,1,0a0,32,125,32141,0,1,0,0,1
911,911,0,141,2a,1,0a0,32,141,32141,0,1,0,0,1
912,912,0,141,2a,1,1b7,20,141,2036F,0,1,0,0,1
913,913,0,36f,2a,1,1b7,20,36f,2036F,0,1,0,0,1
914,914,0,36f,2a,0,48,0a,36f,A090,0,1,0,0,1
915,915,0,370,2a,0,48,0a,370,A090,0,1,0,0,1
916,916,0,370,2a,1,480,11,370,11901,0,1,0,0,1
917,917,0,371,2a,1,480,11,371,11901,0,1,0,0,1
918,918,0,371,2a,0,300,0,371,600,0,1,0,0,1
919,919,0,372,2a,0,300,0,372,600,0,1,0,0,1
920,920,0,372,2a,0,0,25,372,25000,0,1,0,0,1
921,921,0,142,2a,0,0,25,142,25000,0,1,0,0,1
922,922,0,142,2a,0,339,1d,142,1D672,0,1,0,0,1
923,923,0,143,2a,0,339,1d,143,1D672,0,1,0,0,1
924,924,0,143,2a,1,07c,32,143,320F9,0,1,0,0,1
925,925,0,144,2a,1,07c,32,144,320F9,0,1,0,0,1
926,926,0,144,2a,0,33a,1d,144,1D674,0,1,0,0,1
927,927,0,145,2a,0,33a,1d,145,1D674,0,1,0,0,1
928,928,0,145,2a,0,06f,32,145,320DE,0,1,0,0,1
929,929,0,0de,2a,0,06f,32,0de,320DE,0,1,0,0,1
930,930,0,0de,2a,0,70,20,0de,200E0,0,1,0,0,1
931,931,0,0,2a,0,70,20,0,200E0,0,1,0,0,1
932,932,0,0,2a,1,0,1,0,1001,0,1,0,0,1
933,933,0,0,2a,1,0,1,0,1001,0,1,0,0,1
934,934,0,0,2a,0,14,2f,0,2F028,0,1,0,0,1
935,935,0,0,2a,0,14,2f,0,2F028,0,1,0,0,1
936,936,0,0,2a,1,9,0b,0,B013,0,1,0,0,1
937,937,0,0,2a,1,9,0b,0,B013,0,1,0,0,1
938,938,0,0,2a,0,20,5,0,5040,0,1,0,0,1
939,939,0,0,2a,0,20,5,0,5040,0,1,0,0,1
940,940,0,0,2a,1,9,2f,0,2F013,0,1,0,0,1
941,941,0,0,2a,1,9,2f,0,2F013,0,1,0,0,1
942,942,0,0,2a,1,9,2d,0,2D013,0,1,0,0,1
943,943,0,0,2a,1,9,2d,0,2D013,0,1,0,0,1
944,944,0,0,2a,0,28b,0b,0,B516,0,1,0,0,1
945,945,0,0,2a,0,28b,0b,0,B516,0,1,0,0,1
946,946,0,0,2a,0,28e,2f,0,2F51C,0,1,0,0,1
947,947,0,0,2a,0,28e,2f,0,2F51C,0,1,0,0,1
948,948,0,0,2a,1,28d,0b,0,B51B,0,1,0,0,1
949,949,0,0,2a,1,28d,0b,0,B51B,0,1,0,0,1
950,950,0,0,2a,0,28b,2f,0,2F516,0,1,0,0,1
951,951,0,0ea,2a,0,28b,2f,0ea,2F516,0,1,0,0,1
952,952,0,0ea,2a,1,08a,20,0ea,20115,0,1,0,0,1
953,953,0,115,2a,1,08a,20,115,20115,0,1,0,0,1
954,954,0,115,2a,1,287,3,115,350F,0,1,0,0,1
955,955,0,116,2a,1,287,3,116,350F,0,1,0,0,1
956,956,0,116,2a,0,00b,0b,116,B016,0,1,0,0,1
957,957,0,117,2a,0,00b,0b,117,B016,0,1,0,0,1
958,958,0,117,2a,0,78,3,117,30F0,0,1,1,0,1
959,959,0,118,79,0,78,3,118,30F0,0,1,1,0,1
960,960,0,118,0d,0,280,4,118,4500,0,1,1,0,1
961,961,0,119,0a,0,280,4,119,4500,0,1,1,0,1
962,962,0,119,0a,0,28b,2f,119,2F516,0,1,0,0,1
963,963,0,11a,0a,0,28b,2f,11a,2F516,0,1,0,0,1
964,964,0,11a,0a,0,2c0,5,11a,5580,0,1,0,0,1
965,965,0,11b,0a,0,2c0,5,11b,5580,0,1,0,0,1
966,966,0,11b,0a,0,281,2d,11b,2D502,0,1,0,0,1
967,967,0,11c,0a,0,281,2d,11c,2D502,0,1,0,0,1
968,968,0,11c,0a,0,1d3,20,11c,203A6,0,1,0,0,1
969,969,0,3a6,0a,0,1d3,20,3a6,203A6,0,1,0,0,1
970,970,0,3a6,0a,0,180,1,3a6,1300,0,1,0,0,1
971,971,0,3a7,0a,0,180,1,3a7,1300,0,1,0,0,1
972,972,0,3a7,0a,0,100,1,3a7,1200,0,1,0,0,1
973,973,0,3a8,0a,0,100,1,3a8,1200,0,1,0,0,1
974,974,0,3a8,0a,1,1da,20,3a8,203B5,0,1,0,0,1
975,975,0,3b5,0a,1,1da,20,3b5,203B5,0,1,0,0,1
976,976,0,3b5,0a,0,6,1,3b5,100C,0,1,0,0,1
977,977,0,3b6,0a,0,6,1,3b6,100C,0,1,0,0,1
978,978,0,3b6,0a,1,0,19,3b6,19001,0,1,0,0,1
979,979,0,3b7,0a,1,0,19,3b7,19001,0,1,0,0,1
980,980,0,3b7,0a,0,1db,36,3b7,363B6,0,1,0,0,1
981,981,0,3b6,0a,0,1db,36,3b6,363B6,0,1,0,0,1
982,982,0,3b6,0a,1,0,19,3b6,19001,0,1,0,0,1
983,983,0,3b7,0a,1,0,19,3b7,19001,0,1,0,0,1
984,984,0,3b7,0a,0,1db,36,3b7,363B6,0,1,0,0,1
985,985,0,3b6,0a,0,1db,36,3b6,363B6,0,1,0,0,1
986,986,0,3b6,0a,1,0,19,3b6,19001,0,1,0,0,1
987,987,0,3b7,0a,1,0,19,3b7,19001,0,1,0,0,1
988,988,0,3b7,0a,0,1db,36,3b7,363B6,0,1,0,0,1
989,989,0,3b6,0a,0,1db,36,3b6,363B6,0,1,0,0,1
990,990,0,3b6,0a,1,0,19,3b6,19001,0,1,0,0,1
991,991,0,3b7,0a,1,0,19,3b7,19001,0,1,0,0,1
992,992,0,3b7,0a,0,1db,36,3b7,363B6,0,1,0,0,1
993,993,0,3b6,0a,0,1db,36,3b6,363B6,0,1,0,0,1
994,994,0,3b6,0a,1,0,19,3b6,19001,0,1,0,0,1
995,995,0,3b7,0a,1,0,19,3b7,19001,0,1,0,0,1
996,996,0,3b7,0a,0,1db,36,3b7,363B6,0,1,0,0,1
997,997,0,3b6,0a,0,1db,36,3b6,363B6,0,1,0,0,1
998,998,0,3b6,0a,1,0,19,3b6,19001,0,1,0,0,1
999,999,0,3b7,0a,1,0,19,3b7,19001,0,1,0,0,1
1000,1000,0,3b7,0a,0,1db,36,3b7,363B6,0,1,0,0,1
1001,1001,0,3b6,0a,0,1db,36,3b6,363B6,0,1,0,0,1
1002,1002,0,3b6,0a,1,0,19,3b6,19001,0,1,0,0,1
1003,1003,0,3b7,0a,1,0,19,3b7,19001,0,1,0,0,1
1004,1004,0,3b7,0a,0,1db,36,3b7,363B6,0,1,0,0,1
1005,1005,0,3b6,0a,0,1db,36,3b6,363B6,0,1,0,0,1
1006,1006,0,3b6,0a,1,0,19,3b6,19001,0,1,0,0,1
1007,1007,0,3b7,0a,1,0,19,3b7,19001,0,1,0,0,1
1008,1008,0,3b7,0a,0,1db,36,3b7,363B6,0,1,0,0,1
1009,1009,0,3b6,0a,0,1db,36,3b6,363B6,0,1,0,0,1
1010,1010,0,3b6,0a,1,0,19,3b6,19001,0,1,0,0,1
1011,1011,0,3b7,0a,1,0,19,3b7,19001,0,1,0,0,1
1012,1012,0,3b7,0a,0,1db,36,3b7,363B6,0,1,0,0,1
1013,1013,0,3b6,0a,0,1db,36,3b6,363B6,0,1,0,0,1
1014,1014,0,3b6,0a,1,0,19,3b6,19001,0,1,0,0,1
1015,1015,0,3b7,0a,1,0,19,3b7,19001,0,1,0,0,1
1016,1016,0,3b7,0a,0,1db,36,3b7,363B6,0,1,0,0,1
1017,1017,0,3b6,0a,0,1db,36,3b6,363B6,0,1,0,0,1
1018,1018,0,3b6,0a,1,0,19,3b6,19001,0,1,0,0,1
1019,1019,0,3b7,0a,1,0,19,3b7,19001,0,1,0,0,1
1020,1020,0,3b7,0a,0,1db,36,3b7,363B6,0,1,0,0,1
1021,1021,0,3b6,0a,0,1db,36,3b6,363B6,0,1,0,0,1
1022,1022,0,3b6,0a,1,0,19,3b6,19001,0,1,0,0,1
1023,1023,0,3b7,0a,1,0,19,3b7,19001,0,1,0,0,1
